0,1,2,3,counts
www.sportchek.ca,brands,bauer,bauer-hockey-gloves.html,1
www.sportchek.ca,brands,bauer,bauer-nexus-2n-hockey-skates.html,1
www.sportchek.ca,brands,bauer,bauer-nexus-2n-hockey-sticks.html,1
www.sportchek.ca,brands,bauer,bauer-reakt-hockey-helmets-pro-visors.html,1
www.sportchek.ca,brands,bauer,bauer-supreme-2s-hockey-skates.html,1
www.sportchek.ca,brands,bauer,vapor-2x-hockey-skates.html,1
www.sportchek.ca,brands,bauer,supreme-2s-hockey-sticks.html,1
www.sportchek.ca,brands,bauer,vapor-2x-flylite-hockey-sticks-skates.html,1
www.sportchek.ca,brands,bauer,re-akt-150-hockey-helmets.html,1
www.sportchek.ca,brands,bauer,vapor-flylite-hockey-sticks.html,1
www.sportchek.ca,brands,bauer,bauer-supreme-gen-ii-hockey-sticks.html,1
www.sportchek.ca,brands,bauer,bauer-vapor-gen-ii-hockey-skates.html,1
www.sportchek.ca,brands,bauer,bauer-vapor-lite-hockey-sticks.html,1
www.sportchek.ca,brands,ccm,ccm-youth-hockey.html,1
www.sportchek.ca,brands,ccm,jetspeed-ft2-hockey-collection.html,1
www.sportchek.ca,brands,ccm,jetspeed-ft2-hockey-skates.html,1
www.sportchek.ca,brands,ccm,jetspeed-ft2-hockey-sticks.html,1
www.sportchek.ca,brands,ccm,ccm-super-tacks-2-0-hockey-sticks.html,1
www.sportchek.ca,brands,ccm,ccm-ribcor-trigger2-hockey-sticks.html,1
www.sportchek.ca,brands,ccm,ccm-ribcor-trigger-3d-hockey-sticks.html,1
www.sportchek.ca,brands,ccm,as1-hockey-sticks-skates.html,1
www.sportchek.ca,brands,ccm,ccm-jetspeed-hockey-sticks.html,1
www.sportchek.ca,brands,ccm,ccm-rbz-ft1-hockey-sticks.html,1
www.sportchek.ca,brands,grit,grit-hockey-bags.html,1
www.sportchek.ca,brands,new-era,new-era-hockey.html,1
www.sportchek.ca,brands,nike,team-canada-nike-hockey-collection.html,1
www.sportchek.ca,brands,sherwood,project-hockey-sticks.html,1
www.sportchek.ca,brands,sherwood,rekker-m-series-hockey-sticks.html,1
www.sportchek.ca,brands,under-armour,under-armour-hockey.html,1
www.sportchek.ca,brands,warrior,warrior-ak27-covert-qrlse-hockey-sticks.html,1
www.sportchek.ca,brands,warrior,warrior-alpha-qx-hockey-sticks.html,1
www.sportchek.ca,brands,warrior,fantom-qre-hockey-sticks.html,1
www.sportchek.ca,brands,warrior,covert-rs-pro-hockey-helmets.html,1
www.sportchek.ca,brands,warrior,alpha-dx-hockey-sticks.html,1
www.sportchek.ca,brands,warrior,alpha-one-hockey-helmets.html,1
www.sportchek.ca,brands,zamst,zamst-hockey.html,1
www.sportchek.ca,campaigns,back-to-school-essentials,kids-hockey-gear.html,1
www.sportchek.ca,campaigns,new-arrivals,hockey-new-arrivals.html,1
www.sportchek.ca,categories,fan-shop,international-hockey,2
www.sportchek.ca,categories,fan-shop,international-hockey.html,1
www.sportchek.ca,categories,shop-by-sport,hockey,67
www.sportchek.ca,chek-advice,general-tips,back-to-hockey-at-sport-chek.html,1
www.sportchek.ca,chek-advice,hockey,hockey-catalogue.html,1
www.sportchek.ca,chek-advice,hockey,hockey-sticks-101.html,1
www.sportchek.ca,clearance,equipment,hockey,4
www.sportchek.ca,clearance,equipment,hockey.html,1
www.sportchek.ca,product-videos,true,xc9-gen-ii-hockey-stick-video-marner-multi.html,1
www.sportchek.ca,weekly-deals,wk31,hockey-skates-sticks-protective-gear-on-sale.html,1
